BEGIN_YEAR,BEGIN_MONTH,EVENT_ID,EVENT_TYPE,DAMAGE_PROPERTY,DAMAGE_CROPS,BEGIN_LOCATION,BEGIN_LAT,BEGIN_LON,END_LAT,END_LON,DEATH_TOLL,TOTAL_INJURIES
2019,03,801698,Hail,0.0,0.0,ACKERMAN,33.31,-89.18,33.31,-89.18,0,0
2019,03,802265,Hail,20.0,0.0,LINWOOD,32.678000000000004,-89.17200000000001,32.7848,-88.914,0,0
2019,03,802262,Hail,0.0,0.0,(GTR)COLUMBUS RGNL A,33.45,-88.59,33.45,-88.59,0,0
2019,03,802267,Hail,15.0,0.0,CLEVELAND,32.7848,-88.914,32.85,-88.66,0,0
2019,03,802268,Hail,0.0,0.0,LAKE,32.3221,-89.34200000000001,32.3221,-89.34200000000001,0,0
2019,03,805104,Hail,0.0,0.0,SCOOBA,32.83,-88.42,32.83,-88.42,0,0
2019,01,791996,Hail,0.0,0.0,MT VERNON,37.35,-84.35,37.35,-84.35,0,0
2019,03,808240,Hail,0.0,0.0,WHITE SPGS,30.34,-82.76,30.34,-82.76,0,0
2019,03,808402,Hail,0.0,0.0,EDGAR,29.62,-81.97,29.62,-81.97,0,0
2019,03,807739,Hail,0.0,0.0,STEGERS STORE,34.88,-86.57,34.88,-86.57,0,0
2019,03,807740,Hail,0.0,0.0,BELL FACTORY,34.83,-86.49,34.83,-86.49,0,0
2019,03,800493,Hail,0.0,0.0,SIDNEY,40.29,-84.16,40.29,-84.16,0,0
2019,03,810117,Hail,,0.0,REIDSVILLE,32.08,-82.1,32.08,-82.1,0,0
2019,03,808548,Hail,0.5,0.0,TRENTON,29.61,-82.82,29.61,-82.82,0,0
2019,03,810112,Hail,,0.0,GOOSE CREEK,32.98,-80.03,32.98,-80.03,0,0
2019,03,810114,Hail,,0.0,METTER,32.45,-82.07,32.45,-82.07,0,0
2019,03,810115,Hail,,0.0,PORTAL,32.54,-81.93,32.54,-81.93,0,0
2019,03,810116,Hail,,0.0,BOYD,32.69,-81.48,32.69,-81.48,0,0
2019,02,801574,Hail,0.01,0.01,IRMO,34.09,-81.18,34.09,-81.18,0,0
2019,01,793476,Hail,0.0,0.0,AVERY,33.552,-94.7791,33.552,-94.7791,0,0
2019,01,793477,Hail,0.0,0.0,FOREMAN,33.7214,-94.3924,33.7214,-94.3924,0,0
2019,01,795207,Hail,0.0,0.0,ELYRIA,41.37,-82.12,41.37,-82.12,0,0
2019,01,795206,Hail,0.0,0.0,(CGF)CUYAHOGA CO ARP,41.58,-81.49,41.58,-81.49,0,0
2019,01,795208,Hail,0.0,0.0,LA GRANGE,41.24,-82.12,41.24,-82.12,0,0
2019,01,795211,Hail,0.0,0.0,STRONGSVILLE ARPT,41.3,-81.86,41.3,-81.86,0,0
2019,01,807693,Hail,0.0,0.0,LINDSEY,41.4309,-83.2048,41.4309,-83.2048,0,0
2019,01,807694,Hail,0.0,0.0,AKRON MAYFIELD ARPT,40.9775,-81.4511,40.9775,-81.4511,0,0
2019,01,795212,Hail,0.0,0.0,PINN,40.8,-81.52,40.8,-81.52,0,0
2019,01,807695,Hail,0.0,0.0,MIDDLEBURGH HGTS,41.3977,-81.8036,41.3977,-81.8036,0,0
2019,01,807696,Hail,0.0,0.0,PLEASANT VLY,41.5985,-81.4183,41.5985,-81.4183,0,0
2019,01,795213,Hail,0.0,0.0,BEACHWOOD,41.48,-81.5,41.48,-81.5,0,0
2019,01,795202,Hail,0.0,0.0,VENANGO,41.77,-80.1,41.77,-80.1,0,0
2019,01,795203,Hail,0.0,0.0,FITCHVILLE,41.11,-82.45,41.11,-82.45,0,0
2019,01,807685,Hail,0.0,0.0,FLAT ROCK,41.2347,-82.8595,41.2347,-82.8595,0,0
2019,01,795205,Hail,0.0,0.0,ELYRIA,41.37,-82.08,41.37,-82.08,0,0
2019,01,801690,Hail,0.0,0.0,CHARLTON,32.58,-90.13,32.58,-90.13,0,0
2019,01,795209,Hail,0.0,0.0,BEACHWOOD,41.48,-81.5,41.48,-81.5,0,0
2019,01,795214,Hail,0.0,0.0,PINN,40.8,-81.52,40.8,-81.52,0,0
2019,01,795215,Hail,0.0,0.0,(CGF)CUYAHOGA CO ARP,41.58,-81.49,41.58,-81.49,0,0
2019,01,797541,Hail,0.0,0.0,PLEASANTON,37.67,-121.8434,37.67,-121.8434,0,0
2019,01,797542,Hail,0.0,0.0,REDWOOD CITY,37.4655,-122.27,37.4655,-122.27,0,0
2019,02,805299,Hail,0.0,0.0,CLINTON,35.51,-98.97,35.51,-98.97,0,0
2019,02,805302,Hail,0.0,0.0,WATONGA,35.84,-98.28,35.84,-98.28,0,0
2019,01,795204,Hail,0.0,0.0,BELLEVUE,41.27,-82.86,41.27,-82.86,0,0
2019,01,800731,Hail,0.0,0.0,MAYSVILLE,41.41,-80.48,41.41,-80.48,0,0
2019,01,800732,Hail,0.0,0.0,GREENVILLE,41.42,-80.4,41.42,-80.4,0,0
2019,01,800733,Hail,0.0,0.0,HADLEY,41.41,-80.25,41.41,-80.25,0,0
2019,01,800734,Hail,0.0,0.0,SCOTCH HILL,41.35,-79.27,41.35,-79.27,0,0
2019,01,800735,Hail,0.0,0.0,FISHER,41.3,-79.25,41.3,-79.25,0,0
2019,02,802838,Hail,0.0,0.0,PLEASANT HILL,37.9308,-122.0601,37.9308,-122.0601,0,0
2019,02,802839,Hail,0.0,0.0,CARMEL VLY,36.48,-121.73,36.48,-121.73,0,0
2019,02,806448,Hail,12.0,0.0,ALLIANCE,40.89,-124.08,40.89,-124.08,0,0
2019,02,801808,Hail,0.0,0.0,GLOSTER,31.19,-91.02,31.19,-91.02,0,0
2019,02,806458,Hail,3.0,0.0,FIELDS LNDG,40.72,-124.21,40.72,-124.21,0,0
2019,02,802027,Hail,0.0,0.0,WINDSOR,38.5602,-122.8331,38.5602,-122.8331,0,0
2019,02,802028,Hail,0.0,0.0,OCCIDENTAL,38.42,-122.95,38.42,-122.95,0,0
2019,02,802030,Hail,0.0,0.0,CORRALITOS,37.0573,-121.8115,37.0573,-121.8115,0,0
2019,02,802031,Hail,0.0,0.0,SAN JOSE,37.3734,-121.88,37.3734,-121.88,0,0
2019,02,806626,Hail,3.0,0.0,MC KINLEYVILLE,40.93,-124.11,40.93,-124.11,0,0
2019,02,802592,Hail,0.0,0.0,BOWIE,33.57,-97.85,33.57,-97.85,0,0
2019,02,802596,Hail,0.0,0.0,HASLET,32.97,-97.35,32.97,-97.35,0,0
2019,02,802597,Hail,0.0,0.0,ROANOKE,33.02,-97.18,33.02,-97.18,0,0
2019,02,802621,Hail,0.0,0.0,ROANOKE VLY ARPT,32.9916,-97.2913,32.9916,-97.2913,0,0
2019,02,795462,Hail,1.0,0.0,RAYMOND,37.2202,-119.9062,37.2195,-119.9029,0,0
2019,02,801355,Hail,0.0,0.0,RAGLEY,30.51,-93.23,30.51,-93.23,0,0
2019,02,801356,Hail,0.0,0.0,SPURGER,30.71,-94.19,30.71,-94.19,0,0
2019,03,810800,Hail,0.0,0.0,BLAKELY,31.3776,-84.934,31.3776,-84.934,0,0
2019,03,814908,Hail,5.0,0.0,ROSSMOOR,33.7859,-117.7473,33.7859,-117.7473,0,0
2019,03,816108,Hail,,,WELLS,39.11,-97.59,39.11,-97.59,0,0
2019,03,816110,Hail,,,AIKINS,39.41,-96.15,39.41,-96.15,0,0
2019,03,816111,Hail,,,VINING,39.57,-97.28,39.57,-97.28,0,0
2019,03,816112,Hail,,,ALIDA,39.11,-96.88,39.11,-96.88,0,0
2019,03,816113,Hail,,,BARNES,39.72,-96.83,39.72,-96.83,0,0
2019,03,816114,Hail,,,ALLEN,38.57,-96.17,38.57,-96.17,0,0
2019,03,803000,Hail,0.0,0.0,RANCHITOS,36.02,-106.07,36.02,-106.07,0,0
2019,03,803002,Hail,0.0,0.0,GLORIETA,35.59,-105.73,35.59,-105.73,0,0
2019,03,812590,Hail,0.0,0.0,WYANDOTTE,36.8512,-94.6661,36.8512,-94.6661,0,0
2019,03,812832,Hail,0.0,0.0,LENAPAH,36.9079,-95.63,36.9079,-95.63,0,0
2019,03,810161,Hail,,,COLORADO SPGS,38.82,-104.79,38.82,-104.79,0,0
2019,03,812433,Hail,0.0,0.0,DYER,41.4941,-87.5216,41.4941,-87.5216,0,0
2019,03,812434,Hail,0.0,0.0,HAMMOND,41.58,-87.48,41.58,-87.48,0,0
2019,03,812436,Hail,0.0,0.0,LOWELL,41.2391,-87.4745,41.2391,-87.4745,0,0
2019,03,812437,Hail,0.0,0.0,KOUTS,41.3779,-87.03,41.3779,-87.03,0,0
2019,03,812635,Hail,0.0,0.0,BURKEVILLE,30.97,-93.67,30.97,-93.67,0,0
2019,03,810801,Hail,0.0,0.0,REBECCA,31.79,-83.51,31.79,-83.51,0,0
2019,03,810802,Hail,0.0,0.0,ABBA,31.72,-83.38,31.72,-83.38,0,0
2019,03,816115,Hail,,,ROSSVILLE,39.16,-95.94,39.16,-95.94,0,0
2019,03,806399,Hail,0.0,0.0,WINNSBORO,32.9555,-95.2911,32.9555,-95.2911,0,0
2019,03,806400,Hail,0.0,0.0,WINNSBORO,32.949,-95.2941,32.949,-95.2941,0,0
2019,03,806177,Hail,0.0,0.0,COLLINSVILLE,34.29,-85.84,34.29,-85.84,0,0
2019,03,808474,Hail,,,(CTY)CROSS CITY ARPT,29.69,-83.02,29.69,-83.02,0,0
2019,03,808475,Hail,,,TURNER CITY,31.57,-84.06,31.57,-84.06,0,0
2019,02,799212,Hail,0.0,0.0,SAND HILL,32.4837,-89.8878,32.4837,-89.8878,0,0
2019,03,812426,Hail,0.0,0.0,MAZON,41.25899999999999,-88.43,41.25899999999999,-88.43,0,0
2019,03,812427,Hail,0.0,0.0,MORRIS,41.37,-88.42,41.37,-88.42,0,0
2019,03,812428,Hail,0.0,0.0,SHOREWOOD,41.4995,-88.2273,41.52,-88.2193,0,0
2019,03,814867,Hail,0.0,0.0,JASPER,33.82,-87.28,33.82,-87.28,0,0
2019,03,814868,Hail,0.0,0.0,NEW LEXINGTON,33.57,-87.66,33.57,-87.66,0,0
2019,03,814869,Hail,0.0,0.0,NEW LEXINGTON,33.54,-87.65,33.54,-87.65,0,0
2019,03,814873,Hail,0.0,0.0,COKER,33.19,-87.73,33.19,-87.73,0,0
2019,03,810803,Hail,0.0,0.0,PINETTA,31.56,-83.38,31.56,-83.38,0,0
2019,03,810804,Hail,0.0,0.0,CHULA,31.55,-83.55,31.55,-83.55,0,0
2019,03,805218,Hail,0.0,0.0,DURHAM,38.44,-97.23,38.44,-97.23,0,0
2019,03,812596,Hail,0.0,0.0,MOUNDS,35.8702,-96.0603,35.8702,-96.0603,0,0
2019,03,812599,Hail,0.0,0.0,OKMULGEE,35.6299,-95.9559,35.6299,-95.9559,0,0
2019,03,812601,Hail,0.0,0.0,STIGLER,35.1921,-95.13,35.1921,-95.13,0,0
2019,03,806401,Hail,0.0,0.0,PERRYVILLE,32.8638,-95.1574,32.8638,-95.1574,0,0
2019,03,806178,Hail,0.0,0.0,COLLINSVILLE,34.24,-85.91,34.24,-85.91,0,0
2019,03,806388,Hail,0.0,0.0,NEWTOWN,41.41,-73.32,41.41,-73.32,0,0
2019,03,806389,Hail,0.0,0.0,NEWTOWN,41.41,-73.32,41.41,-73.32,0,0
2019,03,806391,Hail,0.0,0.0,RIDGEWOOD,40.98,-74.11,40.98,-74.11,0,0
2019,03,806393,Hail,0.0,0.0,WEST ORANGE,40.79,-74.26,40.79,-74.26,0,0
2019,03,806334,Hail,0.0,0.0,LOMA,39.22,-108.81,39.22,-108.81,0,0
2019,03,808477,Hail,0.0,0.0,ENON,31.01,-83.74,31.01,-83.74,0,0
2019,03,808478,Hail,0.0,0.0,SCHLEY,31.24,-83.83,31.24,-83.83,0,0
2019,03,808479,Hail,0.0,0.0,DIXIE,30.78,-83.66,30.78,-83.66,0,0
2019,03,808480,Hail,0.0,0.0,SAND HILL,30.98,-83.65,30.98,-83.65,0,0
2019,03,808481,Hail,0.0,0.0,ASHBURN-TURNER ARPT,31.72,-83.58,31.72,-83.58,0,0
2019,03,808482,Hail,,,AMBOY,31.79,-83.59,31.79,-83.59,0,0
2019,03,812429,Hail,0.0,0.0,ASHKUM,40.88,-87.95,40.88,-87.95,0,0
2019,03,812432,Hail,0.0,0.0,STEGER,41.47,-87.55,41.47,-87.55,0,0
2019,03,812518,Hail,0.0,0.0,CROWEBURG,37.56,-94.65,37.56,-94.65,0,0
2019,03,812634,Hail,0.0,0.0,VINTON,30.18,-93.56,30.18,-93.56,0,0
2019,03,812970,Hail,,,MIDDLE WATER,35.88,-102.75,35.88,-102.75,0,0
2019,03,814874,Hail,0.0,0.0,DRIFTON,33.63,-87.32,33.63,-87.32,0,0
2019,03,814875,Hail,0.0,0.0,PALMETTO,33.51,-87.89,33.51,-87.89,0,0
2019,03,810806,Hail,0.0,0.0,ALAPAHA,31.4,-83.24,31.4,-83.24,0,0
2019,03,812602,Hail,0.0,0.0,SALLISAW,35.4411,-94.8,35.4411,-94.8,0,0
2019,03,812605,Hail,0.0,0.0,WILBURTON,34.92,-95.3553,34.92,-95.3553,0,0
2019,03,812606,Hail,0.0,0.0,SPIRO,35.23,-94.6477,35.23,-94.6477,0,0
2019,03,812609,Hail,0.0,0.0,SHADY PT,35.13,-94.67,35.13,-94.67,0,0
2019,03,812610,Hail,0.0,0.0,FAYETTEVILLE,36.0811,-94.2031,36.0811,-94.2031,0,0
2019,03,812616,Hail,0.0,0.0,OZARK,35.5409,-93.8803,35.5409,-93.8803,0,0
2019,03,806405,Hail,0.0,0.0,WALKERS MILL,32.5754,-94.4963,32.5754,-94.4963,0,0
2019,03,801819,Hail,,,POTTSTOWN,40.25,-75.63,40.25,-75.63,0,0
2019,03,802998,Hail,0.0,0.0,SEDAN,36.22,-103.11,36.22,-103.11,0,0
2019,03,803003,Hail,0.0,0.0,BELLVIEW,34.82,-103.1,34.82,-103.1,0,0
2019,03,805289,Hail,0.0,0.0,MARION,37.7249,-88.9235,37.7249,-88.9235,0,0
2019,03,806390,Hail,0.0,0.0,PROSPECT PARK,40.94,-74.15,40.94,-74.15,0,0
2019,03,806392,Hail,0.0,0.0,GLEN ROCK,40.96,-74.13,40.96,-74.13,0,0
2019,03,806396,Hail,0.0,0.0,SMITHVILLE,34.4662,-94.6543,34.4662,-94.6543,0,0
2019,03,808483,Hail,,,AMBOY,31.74,-83.54,31.74,-83.54,0,0
2019,03,808485,Hail,0.0,0.0,OCHLOCKNEE,30.98,-84.04,30.98,-84.04,0,0
2019,03,808486,Hail,0.0,0.0,IRWINVILLE ARPT,31.67,-83.48,31.67,-83.48,0,0
2019,03,808487,Hail,0.0,0.0,IRWINVILLE ARPT,31.7,-83.42,31.7,-83.42,0,0
2019,03,808490,Hail,0.0,0.0,IRWINVILLE,31.66,-83.37,31.66,-83.37,0,0
2019,03,805564,Hail,2.0,,SKIPPERTON,32.7416,-83.6749,32.69,-83.64,0,0
2019,02,799222,Hail,0.0,0.0,ETHEL,33.1,-89.51,33.1,-89.51,0,0
2019,03,812973,Hail,0.0,0.0,HARTLEY,35.87,-102.33,35.87,-102.33,0,0
2019,03,812974,Hail,0.0,0.0,HARTLEY,35.85,-102.25,35.85,-102.25,0,0
2019,03,812975,Hail,0.0,0.0,MILO CENTER,35.1,-102.43,35.1,-102.43,0,0
2019,03,815072,Hail,0.0,0.0,LYNN,34.05,-87.55,34.05,-87.55,0,0
2019,03,815075,Hail,0.0,0.0,HUBBARD,32.91,-86.82,32.91,-86.82,0,0
2019,03,815076,Hail,0.0,0.0,WEDGEWORTH,32.77,-87.77,32.77,-87.77,0,0
2019,03,810807,Hail,0.0,0.0,ASHBURN,31.7,-83.65,31.7,-83.65,0,0
2019,03,801825,Hail,0.01,0.01,DEADFALL XRDS,34.2,-81.63,34.2,-81.63,0,0
2019,03,809716,Hail,0.1,0.1,(AGS)BUSH FLD AUGUST,33.35,-81.98,33.35,-81.98,0,0
2019,03,812624,Hail,0.0,0.0,POCOLA,35.2155,-94.48,35.2155,-94.48,0,0
2019,03,812631,Hail,0.0,0.0,ANTLERS,34.1993,-95.6571,34.1993,-95.6571,0,0
2019,03,812632,Hail,0.0,0.0,ANTLERS,34.23,-95.5675,34.23,-95.5675,0,0
2019,03,812839,Hail,0.0,0.0,TULSA,36.1193,-95.988,36.1193,-95.988,0,0
2019,03,812842,Hail,0.0,0.0,BROKEN ARROW,36.1035,-95.8074,36.1035,-95.8074,0,0
2019,03,806406,Hail,0.0,0.0,VANCEVILLE,32.5946,-93.7298,32.5946,-93.7298,0,0
2019,03,801821,Hail,0.0,0.0,GROSSE TETE,30.41,-91.44,30.41,-91.44,0,0
2019,03,806397,Hail,0.0,0.0,HOLLY CREEK,33.9828,-94.8154,33.9828,-94.8154,0,0
2019,03,806398,Hail,0.0,0.0,BROKEN BOW,34.0199,-94.7396,34.0199,-94.7396,0,0
2019,03,808492,Hail,0.0,0.0,MYSTIC,31.62,-83.33,31.62,-83.33,0,0
2019,03,808493,Hail,0.0,0.0,OCILLA,31.6,-83.25,31.6,-83.25,0,0
2019,03,808494,Hail,0.0,0.0,PINETTA,31.57,-83.31,31.57,-83.31,0,0
2019,03,808495,Hail,0.0,0.0,OCILLA,31.59,-83.25,31.59,-83.25,0,0
2019,03,808405,Hail,0.0,0.0,BROXTON,31.66,-82.91,31.66,-82.91,0,0
2019,03,808406,Hail,0.0,0.0,DOUGLAS,31.51,-82.85,31.51,-82.85,0,0
2019,03,808407,Hail,0.0,0.0,LOTTS,31.55,-82.86,31.55,-82.86,0,0
2019,03,812656,Hail,0.0,0.0,PUMPKIN CENTER,34.66,-98.17,34.66,-98.17,0,0
2019,03,812657,Hail,0.0,0.0,(PWA)WILEY POST APT,35.64,-97.66,35.64,-97.66,0,0
2019,03,812658,Hail,0.0,0.0,(PWA)WILEY POST APT,35.64,-97.67,35.64,-97.67,0,0
2019,03,812659,Hail,0.0,0.0,THE VILLAGE,35.58,-97.56,35.58,-97.56,0,0
2019,03,812740,Hail,0.0,0.0,THE VILLAGE,35.61,-97.56,35.61,-97.56,0,0
2019,03,812741,Hail,0.0,0.0,EDMOND,35.61,-97.5,35.61,-97.5,0,0
2019,03,812742,Hail,0.0,0.0,THE VILLAGE,35.6,-97.54,35.6,-97.54,0,0
2019,03,812743,Hail,0.0,0.0,EDMOND,35.61,-97.43,35.61,-97.43,0,0
2019,03,812744,Hail,0.0,0.0,ARCADIA LAKE,35.6,-97.41,35.6,-97.41,0,0
2019,03,812745,Hail,0.0,0.0,ARCADIA LAKE,35.62,-97.32,35.62,-97.32,0,0
2019,03,812746,Hail,0.0,0.0,JACKTOWN,35.57,-96.98,35.57,-96.98,0,0
2019,03,812977,Hail,0.0,0.0,MILO CENTER,35.17,-102.21,35.17,-102.21,0,0
2019,03,812978,Hail,0.0,0.0,DAWN,35.13,-102.2,35.13,-102.2,0,0
2019,03,812979,Hail,0.0,0.0,BUSHLAND,35.2,-102.13,35.2,-102.13,0,0
2019,03,812981,Hail,0.0,0.0,BUSHLAND,35.22,-102.06,35.22,-102.06,0,0
2019,03,815078,Hail,0.0,0.0,EVANSVILLE,32.82,-87.81,32.82,-87.81,0,0
2019,03,815082,Hail,0.0,0.0,GREENSBORO,32.77,-87.59,32.77,-87.59,0,0
2019,03,815083,Hail,0.0,0.0,SYCAMORE,33.27,-86.21,33.27,-86.21,0,0
2019,03,812123,Hail,,0.0,SAVANNAH,35.1866,-88.25,35.196,-88.2239,0,0
2019,03,806408,Hail,0.0,0.0,SHREVEPORT,32.4819,-93.7716,32.4819,-93.7716,0,0
2019,03,802075,Hail,0.0,0.0,ADRIAN LENAWEE ARPT,41.89,-84.1,41.89,-84.1,0,0
2019,03,805919,Hail,0.0,0.0,METROPOLIS,37.1767,-88.7439,37.1767,-88.7439,0,0
2019,03,802822,Hail,5.0,0.0,BUTLERVILLE,39.3,-84.09,39.3,-84.09,0,0
2019,03,805558,Hail,,,CRANDALL,34.861999999999995,-84.7529,34.7609,-84.806,0,0
2019,03,805559,Hail,,,ATLANTA HARTSFIELD I,33.64,-84.43,33.64,-84.43,0,0
2019,03,812747,Hail,0.0,0.0,PRAGUE,35.59,-96.69,35.59,-96.69,0,0
2019,03,812748,Hail,0.0,0.0,RINGLING,34.26,-97.57,34.26,-97.57,0,0
2019,03,812749,Hail,0.0,0.0,MEEKER,35.55,-96.89,35.55,-96.89,0,0
2019,03,812750,Hail,0.0,0.0,PRAGUE,35.54,-96.76,35.54,-96.76,0,0
2019,03,812751,Hail,0.0,0.0,PRAGUE,35.5,-96.74,35.5,-96.74,0,0
2019,03,812752,Hail,0.0,0.0,LOCO,34.3,-97.6,34.3,-97.6,0,0
2019,03,812753,Hail,0.0,0.0,MILO,34.25,-97.35,34.25,-97.35,0,0
2019,03,812754,Hail,0.0,0.0,NORMAN,35.19,-97.4,35.19,-97.4,0,0
2019,03,812755,Hail,0.0,0.0,NORMAN,35.19,-97.4,35.19,-97.4,0,0
2019,03,812756,Hail,0.0,0.0,NOBLE,35.17,-97.39,35.17,-97.39,0,0
2019,03,812757,Hail,0.0,0.0,NORMAN,35.19,-97.4,35.19,-97.4,0,0
2019,03,812982,Hail,0.0,0.0,HEREFORD,34.77,-102.46,34.77,-102.46,0,0
2019,03,812986,Hail,0.0,0.0,AMARILLO,35.26,-101.91,35.26,-101.91,0,0
2019,03,805593,Hail,0.0,0.0,BURBANK,37.3448,-121.9015,37.3448,-121.9015,0,0
2019,03,805594,Hail,0.0,0.0,SAN JOSE,37.33,-121.88,37.33,-121.88,0,0
2019,03,805596,Hail,0.0,0.0,SAN JOSE,37.33,-121.88,37.33,-121.88,0,0
2019,03,815089,Hail,0.0,0.0,TITUS,32.72,-86.32,32.72,-86.32,0,0
2019,03,815093,Hail,0.0,0.0,SILOAM,32.36,-88.27,32.36,-88.27,0,0
2019,03,815096,Hail,0.0,0.0,NOTASULGA,32.5623,-85.6712,32.5623,-85.6712,0,0
2019,03,802076,Hail,0.0,0.0,SHARON HOLLOW,42.19,-84.07,42.19,-84.07,0,0
2019,03,802078,Hail,0.0,0.0,SYLVAN,42.26,-84.08,42.26,-84.08,0,0
2019,03,806025,Hail,0.0,0.0,MAYFIELD,36.7355,-88.6133,36.7355,-88.6133,0,0
2019,03,808000,Hail,,0.0,SHARPES,28.439,-80.8267,28.439,-80.8267,0,0
2019,03,808001,Hail,0.0,0.0,LAKE POINSETT,28.38,-80.82,28.38,-80.82,0,0
2019,03,812758,Hail,0.0,0.0,JEFFERSON,36.72,-97.79,36.72,-97.79,0,0
2019,03,812759,Hail,0.0,0.0,LAKE THUNDERBIRD DAM,35.19,-97.28,35.19,-97.28,0,0
2019,03,812760,Hail,0.0,0.0,NOBLE,35.17,-97.31,35.17,-97.31,0,0
2019,03,812761,Hail,0.0,0.0,LAKE THUNDERBIRD DAM,35.22,-97.28,35.22,-97.28,0,0
2019,03,812762,Hail,0.0,0.0,LAKE THUNDERBIRD DAM,35.22,-97.21,35.22,-97.21,0,0
2019,03,812763,Hail,0.0,0.0,BROOKSVILLE,35.22,-96.93,35.22,-96.93,0,0
2019,03,812987,Hail,0.0,0.0,HEREFORD,34.82,-102.4,34.82,-102.4,0,0
2019,03,812988,Hail,0.0,0.0,AMARILLO,35.15,-101.89,35.15,-101.89,0,0
2019,03,812989,Hail,0.0,0.0,(AMA)AMARILLO INTL A,35.27,-101.73,35.27,-101.73,0,0
2019,03,812991,Hail,0.0,0.0,HEREFORD,34.82,-102.4,34.82,-102.4,0,0
2019,03,808458,Hail,0.0,0.0,ALMA,30.64,-83.84,30.64,-83.84,0,0
2019,03,802714,Hail,,,ORLA,31.5125,-103.7503,31.5125,-103.7503,0,0
2019,03,802716,Hail,,,ORLA,31.6328,-103.9912,31.6328,-103.9912,0,0
2019,03,802719,Hail,,,RYAN,30.4255,-104.2955,30.4255,-104.2955,0,0
2019,03,813211,Hail,0.0,0.0,EAGLETON,34.64,-94.3,34.64,-94.3,0,0
2019,03,813212,Hail,0.0,0.0,PENCIL BLUFF,34.63,-93.73,34.63,-93.73,0,0
2019,03,802420,Hail,0.0,0.0,FT SUMNER,34.47,-104.3453,34.47,-104.3453,0,0
2019,03,802079,Hail,0.0,0.0,DEXTER,42.35,-83.86,42.35,-83.86,0,0
2019,03,802080,Hail,0.0,0.0,MILFORD,42.59,-83.6,42.59,-83.6,0,0
2019,03,806026,Hail,0.0,0.0,OAKLAND CITY,38.3134,-87.4011,38.3134,-87.4011,0,0
2019,03,806027,Hail,0.0,0.0,GRIFFIN,38.1834,-87.869,38.1834,-87.869,0,0
2019,03,802701,Hail,1.0,,LOVING,32.28,-104.1,32.28,-104.1,0,0
2019,03,808002,Hail,,0.0,COCOA WEST,28.37,-80.76,28.37,-80.76,0,0
2019,03,808003,Hail,0.0,0.0,COCOA WEST,28.36,-80.78,28.36,-80.78,0,0
2019,03,812995,Hail,0.0,0.0,CANYON,34.99,-101.95,34.99,-101.95,0,0
2019,03,812997,Hail,0.0,0.0,UMBARGER,34.99,-102.06,34.99,-102.06,0,0
2019,03,813885,Hail,0.0,0.0,GROVE HILL,31.6889,-87.8114,31.6889,-87.8114,0,0
2019,03,808462,Hail,0.0,0.0,MOSSY POND,30.51,-85.31,30.51,-85.31,0,0
2019,03,803121,Hail,3.0,,PYOTE,31.53,-103.4866,31.53,-103.4866,0,0
2019,03,803127,Hail,4.0,,BARSTOW,31.5114,-103.47200000000001,31.5114,-103.47200000000001,0,0
2019,03,813340,Hail,0.0,0.0,(ALM)WH SANDS/ALAMAG,32.8008,-105.9964,32.8008,-105.9964,0,0
2019,03,813214,Hail,0.0,0.0,ODEN,34.62,-93.79,34.62,-93.79,0,0
2019,03,813216,Hail,0.0,0.0,BEE BRANCH,35.46,-92.41,35.46,-92.41,0,0
2019,03,813217,Hail,0.0,0.0,WALDRON,34.9,-94.09,34.9,-94.09,0,0
2019,03,813218,Hail,0.0,0.0,ELM,34.33,-93.44,34.33,-93.44,0,0
2019,03,812764,Hail,0.0,0.0,LAMONT,36.69,-97.56,36.69,-97.56,0,0
2019,03,812765,Hail,0.0,0.0,ARCADIA LAKE,35.69,-97.41,35.69,-97.41,0,0
2019,03,812766,Hail,0.0,0.0,ARCADIA LAKE,35.69,-97.39,35.69,-97.39,0,0
2019,03,812767,Hail,0.0,0.0,ARCADIA LAKE,35.72,-97.39,35.72,-97.39,0,0
2019,03,812768,Hail,0.0,0.0,ARCADIA LAKE,35.69,-97.34,35.69,-97.34,0,0
2019,03,812769,Hail,0.0,0.0,ARCADIA LAKE,35.69,-97.39,35.69,-97.39,0,0
2019,03,812770,Hail,0.0,0.0,ARCADIA LAKE,35.72,-97.39,35.72,-97.39,0,0
2019,03,812771,Hail,0.0,0.0,PONCA CITY,36.69,-97.07,36.69,-97.07,0,0
2019,03,812772,Hail,0.0,0.0,PONCA CITY,36.71,-97.07,36.71,-97.07,0,0
2019,03,803004,Hail,0.0,0.0,BROADVIEW,34.7,-103.2,34.7,-103.2,0,0
2019,03,805925,Hail,0.0,0.0,ROCKPORT,37.8666,-87.057,37.8666,-87.057,0,0
2019,03,805926,Hail,0.0,0.0,STENDAL,38.2506,-87.0904,38.2506,-87.0904,0,0
2019,03,805929,Hail,0.0,0.0,EVANSVILLE,37.9902,-87.56299999999999,37.9902,-87.56299999999999,0,0
2019,03,805930,Hail,0.0,0.0,EVANSVILLE,37.98,-87.6602,37.98,-87.6602,0,0
2019,03,802776,Hail,0.0,0.0,BURLINGTON,39.02,-84.72,39.02,-84.72,0,0
2019,03,802777,Hail,0.0,0.0,BURLINGTON,39.02,-84.72,39.02,-84.72,0,0
2019,03,802778,Hail,0.0,0.0,ERLANGER,39.01,-84.59,39.01,-84.59,0,0
2019,03,808004,Hail,,0.0,COCOA WEST,28.374000000000002,-80.789,28.37,-80.78,0,0
2019,03,808005,Hail,0.0,0.0,ROCKLEDGE,28.3275,-80.7379,28.3275,-80.7379,0,0
2019,03,812998,Hail,0.0,0.0,CANYON,34.99,-102.0,34.99,-102.0,0,0
2019,03,812999,Hail,0.0,0.0,CANYON,34.99,-101.95,34.99,-101.95,0,0
2019,03,813000,Hail,0.0,0.0,CANYON,35.0,-101.92,35.0,-101.92,0,0
2019,03,813001,Hail,0.0,0.0,CANYON,35.04,-101.92,35.04,-101.92,0,0
2019,03,808464,Hail,0.0,0.0,BLOUNTSTOWN ARPT,30.47,-85.09,30.47,-85.09,0,0
2019,03,803143,Hail,,,ORLA,31.5125,-103.7503,31.5125,-103.7503,0,0
2019,03,801822,Hail,,,MENDHAM,40.78,-74.62,40.78,-74.62,0,0
2019,03,812773,Hail,0.0,0.0,LUTHER,35.67,-97.18,35.67,-97.18,0,0
2019,03,812774,Hail,0.0,0.0,ELMORE CITY,34.62,-97.4,34.62,-97.4,0,0
2019,03,812775,Hail,0.0,0.0,NEWCASTLE,35.25,-97.6,35.25,-97.6,0,0
2019,03,812776,Hail,0.0,0.0,NEWCASTLE,35.27,-97.66,35.27,-97.66,0,0
2019,03,812777,Hail,0.0,0.0,MOORE,35.31,-97.5,35.31,-97.5,0,0
2019,03,812778,Hail,0.0,0.0,MOORE,35.33,-97.47,35.33,-97.47,0,0
2019,03,812779,Hail,0.0,0.0,MOORE,35.33,-97.47,35.33,-97.47,0,0
2019,03,812780,Hail,0.0,0.0,ADA,34.77,-96.68,34.77,-96.68,0,0
2019,03,802587,Hail,,,CARLSBAD,32.42,-104.23,32.42,-104.23,0,0
2019,03,802571,Hail,,,CARLSBAD,32.113,-104.5931,32.113,-104.5931,0,0
2019,03,802801,Hail,0.0,0.0,CUMMINGSVILLE,39.16,-84.52,39.16,-84.52,0,0
2019,03,808006,Hail,0.0,0.0,INDIANOLA,28.37,-80.7,28.37,-80.7,0,0
2019,03,808007,Hail,,0.0,BONAVENTURE,28.28,-80.69,28.28,-80.69,0,0
2019,03,813002,Hail,0.0,0.0,CANYON,34.98,-101.88,34.98,-101.88,0,0
2019,03,813003,Hail,0.0,0.0,LAKE TANGLEWOOD,35.08,-101.79,35.08,-101.79,0,0
2019,03,813004,Hail,0.0,0.0,LAKE TANGLEWOOD,35.04,-101.78,35.04,-101.78,0,0
2019,03,813005,Hail,0.0,0.0,LAKE TANGLEWOOD,35.06,-101.78,35.06,-101.78,0,0
2019,03,808466,Hail,0.0,0.0,NETTLE RIDGE,30.49,-85.06,30.49,-85.06,0,0
2019,03,803389,Hail,,,MENTONE,31.7687,-103.4288,31.7687,-103.4288,0,0
2019,03,803126,Hail,,,BUCKEYE,32.6947,-103.3845,32.6947,-103.3845,0,0
2019,03,802805,Hail,0.0,0.0,GOLF MANOR,39.18,-84.43,39.18,-84.43,0,0
2019,03,802812,Hail,0.0,0.0,SILVERTON,39.19,-84.4,39.19,-84.4,0,0
2019,03,802815,Hail,0.0,0.0,TERRACE PARK,39.18,-84.29,39.18,-84.29,0,0
2019,03,802817,Hail,0.0,0.0,GOSHEN,39.23,-84.16,39.23,-84.16,0,0
2019,03,802818,Hail,0.0,0.0,MT WASHINGTON,39.09,-84.36,39.09,-84.36,0,0
2019,03,802819,Hail,50.0,0.0,PANSY,39.35,-83.95,39.35,-83.95,0,0
2019,03,802820,Hail,0.0,0.0,MT CARMEL,39.09,-84.31,39.09,-84.31,0,0
2019,03,802824,Hail,0.0,0.0,SUMMERSIDE,39.1,-84.28,39.1,-84.28,0,0
2019,03,802825,Hail,0.0,0.0,NEW RICHMOND,38.95,-84.28,38.95,-84.28,0,0
2019,03,802846,Hail,0.0,0.0,CANAL WINCHESTER,39.85,-82.82,39.85,-82.82,0,0
2019,03,808008,Hail,0.0,0.0,BONAVENTURE,28.28,-80.71,28.28,-80.71,0,0
2019,03,808009,Hail,0.0,0.0,INDIALANTIC,28.1469,-80.6014,28.1469,-80.6014,0,0
2019,03,805563,Hail,76.0,,SANDY POINT,32.6966,-83.7755,32.6966,-83.7755,0,0
2019,03,813006,Hail,0.0,0.0,GOODNIGHT,35.03,-101.13,35.03,-101.13,0,0
2019,03,813007,Hail,0.0,0.0,HOWARDWICK,35.04,-100.91,35.04,-100.91,0,0
2019,03,802269,Hail,0.0,0.0,DECATUR,32.44,-89.11,32.44,-89.11,0,0
2019,03,802272,Hail,0.0,0.0,DALEVILLE,32.57,-88.68,32.57,-88.68,0,0
2019,03,803005,Hail,0.0,0.0,BROADVIEW,34.8,-103.21,34.8,-103.21,0,0
2019,03,803001,Hail,0.0,0.0,LAMY,35.5,-105.87,35.5,-105.87,0,0
2019,03,805927,Hail,0.0,0.0,STURGIS,37.5193,-87.9413,37.5193,-87.9413,0,0
2019,03,805928,Hail,0.0,0.0,MORGANFIELD,37.6288,-87.9846,37.6288,-87.9846,0,0
2019,03,802849,Hail,0.0,0.0,WASHINGTON COURT HOU,39.54,-83.43,39.54,-83.43,0,0
2019,03,802850,Hail,0.0,0.0,PANSY,39.32,-83.97,39.32,-83.97,0,0
2019,03,802853,Hail,0.0,0.0,CANAL WINCHESTER,39.85,-82.82,39.85,-82.82,0,0
2019,03,802855,Hail,0.0,0.0,BEALS,39.9,-82.76,39.9,-82.76,0,0
2019,03,802857,Hail,0.0,0.0,BEALS,39.92,-82.76,39.92,-82.76,0,0
2019,03,802861,Hail,0.0,0.0,REYNOLDSBURG,39.96,-82.8,39.96,-82.8,0,0
2019,03,802863,Hail,0.0,0.0,HAYDENVILLE,39.49,-82.33,39.49,-82.33,0,0
2019,03,808010,Hail,0.0,0.0,INDIANOLA,28.4,-80.67,28.4,-80.67,0,0
2019,03,808011,Hail,0.0,0.0,INDIAN HARBOUR BEACH,28.16,-80.6,28.16,-80.6,0,0
2019,03,809218,Hail,,,GRANDFALLS,31.2899,-102.8506,31.2899,-102.8506,0,0
2019,03,808595,Hail,0.0,0.0,JAPAN,38.2557,-91.2905,38.2557,-91.2905,0,0
2019,03,808599,Hail,0.0,0.0,STEELVILLE,37.9802,-91.337,37.9802,-91.337,0,0
2019,03,805197,Hail,0.0,0.0,ARKANSAS CITY,37.05,-97.04,37.05,-97.04,0,0
2019,03,805199,Hail,0.0,0.0,ARKANSAS CITY,37.07,-97.04,37.07,-97.04,0,0
2019,03,805200,Hail,0.0,0.0,MARION,38.35,-97.05,38.35,-97.05,0,0
2019,03,805204,Hail,0.0,0.0,MARION,38.35,-97.02,38.35,-97.02,0,0
2019,03,806151,Hail,0.0,0.0,ELBERTA,32.2947,-95.2668,32.2947,-95.2668,0,0
2019,03,804938,Hail,,0.0,SMYER,33.5,-102.16,33.5,-102.16,0,0
2019,03,804939,Hail,,0.0,WOLFFORTH,33.47,-102.0,33.52,-101.88,0,0
2019,03,804940,Hail,,0.0,DOUD,33.5,-101.92,33.5,-101.92,0,0
2019,03,807836,Hail,5.0,0.0,HARTFORD,42.2,-86.22,42.2,-86.22,0,0
2019,03,807837,Hail,2.0,0.0,TOWAR GARDENS,42.77,-84.41,42.77,-84.41,0,0
2019,03,808012,Hail,0.0,0.0,INDIAN HARBOUR BEACH,28.15,-80.6,28.15,-80.6,0,0
2019,03,808013,Hail,,0.0,BONAVENTURE,28.2799,-80.7095,28.2799,-80.7095,0,0
2019,03,813015,Hail,0.0,0.0,WAKA,36.28,-101.03,36.28,-101.03,0,0
2019,03,813016,Hail,0.0,0.0,FARNSWORTH,36.31,-101.0,36.31,-101.0,0,0
2019,03,813017,Hail,0.0,0.0,PERRYTON,36.31,-100.8,36.31,-100.8,0,0
2019,03,814899,Hail,0.5,0.0,YORBA LINDA,33.8886,-117.8018,33.8886,-117.8018,0,0
2019,03,816316,Hail,0.0,0.0,WARRENTON,38.82,-91.1857,38.82,-91.1857,0,0
2019,03,816320,Hail,0.0,0.0,BRECKENRIDGE HILLS,38.728,-90.395,38.728,-90.395,0,0
2019,03,816321,Hail,0.0,0.0,HOUSE SPGS ARPT,38.407,-90.5882,38.407,-90.5882,0,0
2019,03,816328,Hail,0.0,0.0,CADET,37.9845,-90.686,38.054,-90.6444,0,0
2019,03,802986,Hail,0.0,0.0,SANTA ANA PUEBLO,35.36,-106.69,35.36,-106.69,0,0
2019,03,806028,Hail,0.0,0.0,PINCKNEYVILLE,38.0131,-89.3448,38.0131,-89.3448,0,0
2019,03,807839,Hail,0.0,0.0,CHARLOTTE,42.56,-84.82,42.56,-84.82,0,0
2019,03,808014,Hail,0.0,0.0,BONAVENTURE,28.288,-80.7,28.288,-80.7,0,0
2019,03,808016,Hail,0.0,0.0,(COF)PATRICK AFB,28.221,-80.602,28.221,-80.602,0,0
2019,03,816329,Hail,0.0,0.0,MELZO,38.0245,-90.5691,38.0245,-90.5691,0,0
2019,03,816331,Hail,0.0,0.0,PAPIN,38.0585,-90.4269,38.0585,-90.4269,0,0
2019,03,816334,Hail,0.0,0.0,KINSEY,38.03,-90.33,38.03,-90.33,0,0
2019,03,816335,Hail,0.0,0.0,FRENCH VLG,37.97,-90.36,37.97,-90.36,0,0
2019,03,816338,Hail,0.0,0.0,SPRINGTOWN,37.9326,-90.7831,37.9428,-90.7772,0,0
2019,03,816341,Hail,0.0,0.0,PENDLETON,38.8443,-91.2339,38.8107,-91.1508,0,0
2019,03,816342,Hail,0.0,0.0,FORISTELL,38.8155,-90.9542,38.8155,-90.9542,0,0
2019,03,816343,Hail,0.0,0.0,WRIGHT CITY,38.83,-91.02,38.83,-91.02,0,0
2019,01,795210,Hail,0.0,0.0,CHARDON,41.6,-81.24,41.6,-81.24,0,0
2019,03,808476,Hail,0.0,0.0,MINNESOTA,31.32,-83.88,31.32,-83.88,0,0
2019,03,808017,Hail,0.0,0.0,INDIALANTIC,28.09,-80.57,28.09,-80.57,0,0
2019,03,810798,Hail,0.0,0.0,ASHBURN,31.7,-83.65,31.7,-83.65,0,0
2019,03,816344,Hail,0.0,0.0,STEELEVILLE,38.0068,-89.6611,38.0068,-89.6611,0,0
2019,03,816345,Hail,0.0,0.0,HARDIN,39.15,-90.62,39.15,-90.62,0,0
2019,03,816027,Hail,0.0,0.0,FOOTHILL FARMS,38.68,-121.32,38.68,-121.32,0,0
2019,03,802999,Hail,0.0,0.0,MADRID,35.48,-106.1,35.48,-106.1,0,0
2019,01,793433,Hail,0.0,0.0,WALKER,30.48,-90.87,30.48,-90.87,0,0
2019,03,808018,Hail,,0.0,GEORGIANA,28.2878,-80.671,28.2878,-80.671,0,0
2019,03,808582,Hail,,0.0,OKAHUMPKA,28.76,-81.88,28.76,-81.88,0,0
2019,03,806535,Hail,0.0,0.0,INAVALE,40.0945,-98.6675,40.0898,-98.6634,0,0
2019,03,815080,Hail,0.0,0.0,CHILDERSBURG,33.27,-86.37,33.27,-86.37,0,0
2019,03,815081,Hail,0.0,0.0,KYMULGA,33.3,-86.3,33.3,-86.3,0,0
2019,03,815087,Hail,0.0,0.0,PLETCHER,32.7,-86.79,32.7,-86.79,0,0
2019,03,813185,Hail,0.0,0.0,WATAUGA,32.8356,-97.2984,32.8356,-97.2984,0,0
2019,03,812611,Hail,15.0,0.0,WEST FORK,35.9259,-94.1899,35.9259,-94.1899,0,0
2019,03,812612,Hail,5.0,0.0,HAZEL VLY,35.8607,-93.9945,35.8607,-93.9945,0,0
2019,03,812613,Hail,5.0,0.0,CROSSES,35.8747,-93.913,35.8747,-93.913,0,0
2019,03,812617,Hail,10.0,0.0,PETTIGREW,35.8183,-93.6488,35.8183,-93.6488,0,0
2019,03,806537,Hail,0.0,0.0,CARLETON,40.3,-97.67,40.3,-97.67,0,0
2019,03,815360,Hail,0.0,0.0,WANATAH,41.43,-86.9,41.43,-86.9,0,0
2019,03,815361,Hail,0.0,0.0,ROLLING PRAIRIE,41.65,-86.66,41.65,-86.66,0,0
2019,03,812618,Hail,10.0,0.0,COMBS,35.8263,-93.836,35.8263,-93.836,0,0
2019,03,812619,Hail,15.0,0.0,HARTFORD,34.9893,-94.4175,34.9893,-94.4175,0,0
2019,03,812600,Hail,10.0,0.0,STIGLER,35.25,-95.0946,35.25,-95.0946,0,0
2019,03,806539,Hail,0.0,0.0,GUIDE ROCK,40.0595,-98.3568,40.0595,-98.3568,0,0
2019,03,815362,Hail,0.0,0.0,LA PORTE ARPT,41.57,-86.7,41.57,-86.7,0,0
2019,03,815363,Hail,0.0,0.0,NEW CARLISLE,41.71,-86.51,41.71,-86.51,0,0
2019,03,815364,Hail,0.0,0.0,LAKE PARK,41.71,-86.53,41.71,-86.53,0,0
2019,03,815365,Hail,0.0,0.0,SALEM CENTER,41.59,-85.14,41.59,-85.14,0,0
2019,03,815366,Hail,0.0,0.0,CROOKED LAKE,41.65,-85.03,41.65,-85.03,0,0
2019,03,811260,Hail,,,RUSSIAVILLE,40.42,-86.27,40.42,-86.27,0,0
2019,03,811261,Hail,,,EWING,38.88,-86.05,38.88,-86.05,0,0
2019,03,812607,Hail,10.0,0.0,BOKOSHE,35.1866,-94.7856,35.1866,-94.7856,0,0
2019,03,812608,Hail,10.0,0.0,SHADY PT,35.13,-94.7408,35.13,-94.7408,0,0
2019,03,812620,Hail,15.0,0.0,POTEAU,35.0193,-94.6575,35.0193,-94.6575,0,0
2019,03,812622,Hail,20.0,0.0,POTEAU,35.0535,-94.6238,35.0535,-94.6238,0,0
2019,03,812623,Hail,20.0,0.0,POTEAU,35.0099,-94.6403,35.0099,-94.6403,0,0
2019,03,806540,Hail,0.0,0.0,SUPERIOR,40.03,-98.07,40.03,-98.07,0,0
2019,03,815373,Hail,0.0,0.0,ST JOSEPH,42.1,-86.49,42.1,-86.49,0,0
2019,03,815374,Hail,0.0,0.0,FAIRPLAIN,42.08,-86.45,42.08,-86.45,0,0
2019,03,815375,Hail,0.0,0.0,SHOREHAM,42.08,-86.5,42.08,-86.5,0,0
2019,03,815376,Hail,0.0,0.0,ST JOSEPH,42.11,-86.48,42.11,-86.48,0,0
2019,03,815377,Hail,0.0,0.0,EDWARDSBURG,41.78,-86.14,41.78,-86.14,0,0
2019,03,812627,Hail,50.0,0.0,HOWE,34.95,-94.63,34.95,-94.63,0,0
2019,03,812626,Hail,25.0,0.0,ANTLERS,34.2011,-95.62,34.2011,-95.62,0,0
2019,03,812628,Hail,20.0,0.0,POTEAU,34.9831,-94.5862,34.9831,-94.5862,0,0
2019,03,812630,Hail,10.0,0.0,SPEER,34.1507,-95.5129,34.1507,-95.5129,0,0
2019,03,815384,Hail,0.0,0.0,BRYAN WLLMS CO ARPT,41.47,-84.49,41.47,-84.49,0,0
2019,03,815385,Hail,0.0,0.0,FAYETTE,41.67,-84.33,41.67,-84.33,0,0
2019,03,815386,Hail,0.0,0.0,WEST JEFFERSON,41.58,-84.39,41.58,-84.39,0,0
2019,03,816038,Hail,1.0,0.0,(CIC)CHICO MUNI ARPT,39.7795,-121.8766,39.7795,-121.8766,0,0
2019,03,814848,Hail,0.0,0.0,HIGHTOGY,33.66,-88.11,33.66,-88.11,0,0
2019,03,812519,Hail,0.0,0.0,JOPLIN,37.08,-94.51,37.08,-94.51,0,0
2019,03,803603,Hail,0.0,0.0,SHANESVILLE,40.51,-81.64,40.51,-81.64,0,0
2019,03,803604,Hail,0.0,0.0,STRASBURG,40.6,-81.53,40.6,-81.53,0,0
2019,03,814850,Hail,0.0,0.0,FAYETTE,33.7,-87.83,33.7,-87.83,0,0
2019,03,814856,Hail,0.0,0.0,PALMETTO,33.51,-87.89,33.51,-87.89,0,0
2019,03,814857,Hail,0.0,0.0,MOORES BRIDGE,33.51,-87.8,33.51,-87.8,0,0
2019,03,812505,Hail,0.0,0.0,HANCOCK,37.99,-92.18,37.99,-92.18,0,0
2019,03,812506,Hail,2.0,0.0,DIXON,38.0,-92.09,38.0,-92.09,0,0
2019,03,812507,Hail,0.0,0.0,NORTHWYE,37.99,-91.77,37.99,-91.77,0,0
2019,03,812508,Hail,0.0,0.0,DILLON,38.0,-91.73,38.0,-91.73,0,0
2019,03,812824,Hail,0.0,0.0,KRUM,33.24,-97.25,33.24,-97.25,0,0
2019,03,812825,Hail,0.0,0.0,NAVO,33.22,-96.9,33.22,-96.9,0,0
2019,03,812826,Hail,0.0,0.0,NAVO,33.24,-96.97,33.24,-96.97,0,0
2019,03,814862,Hail,0.0,0.0,ARLEY,34.07,-87.23,34.07,-87.23,0,0
2019,03,812509,Hail,0.0,0.0,ST JAMES,38.0,-91.61,38.0,-91.61,0,0
2019,03,812510,Hail,0.0,0.0,LYNCHBURG,37.49,-92.29,37.49,-92.29,0,0
2019,03,812511,Hail,0.0,0.0,PLATO,37.5,-92.22,37.5,-92.22,0,0
2019,03,812512,Hail,20.0,0.0,SUCCESS,37.4732,-92.1322,37.4732,-92.1322,0,0
2019,03,812513,Hail,30.0,0.0,ROBY,37.52,-92.14,37.52,-92.14,0,0
2019,03,812514,Hail,0.0,0.0,GROVESPRING,37.4,-92.6,37.4,-92.6,0,0
2019,03,812827,Hail,0.0,0.0,SHERMAN,33.63,-96.57,33.63,-96.57,0,0
2019,03,812828,Hail,0.0,0.0,LUELLA,33.58,-96.56,33.58,-96.56,0,0
2019,03,812829,Hail,0.0,0.0,KENTUCKY TOWN,33.52,-96.44,33.52,-96.44,0,0
2019,03,812830,Hail,10.0,0.0,PROSPER,33.2188,-96.8201,33.2188,-96.8201,0,0
2019,03,812831,Hail,10.0,0.0,CARNEY,33.1545,-96.8787,33.1545,-96.8787,0,0
2019,03,812515,Hail,0.0,0.0,SMITTIE,37.41,-92.55,37.41,-92.55,0,0
2019,03,812516,Hail,0.0,0.0,CLEAR SPGS,37.1,-91.85,37.1,-91.85,0,0
2019,03,812517,Hail,0.0,0.0,SLIGO,37.77,-91.38,37.77,-91.38,0,0
2019,03,808502,Hail,0.0,0.0,CISCO,32.38,-98.97,32.38,-98.97,0,0
2019,03,808503,Hail,0.0,0.0,LAKE WORTH,32.8136,-97.4133,32.8136,-97.4133,0,0
2019,03,808504,Hail,0.0,0.0,HALTOM CITY,32.8,-97.27,32.8,-97.27,0,0
2019,03,813143,Hail,10.0,0.0,FAIRVIEW,33.17,-96.7,33.17,-96.7,0,0
2019,03,813144,Hail,10.0,0.0,FRISCO,33.15,-96.81,33.15,-96.81,0,0
2019,03,813145,Hail,100.0,0.0,FRISCO,33.152,-96.7675,33.152,-96.7675,0,0
2019,03,813146,Hail,10.0,0.0,FAIRVIEW,33.159,-96.6667,33.159,-96.6667,0,0
2019,03,813147,Hail,50.0,0.0,ALLEN,33.1577,-96.7157,33.1577,-96.7157,0,0
2019,03,806521,Hail,2.0,0.0,CORA,39.97,-98.54,39.97,-98.54,0,0
2019,03,812861,Hail,0.0,0.0,HEXT,30.78,-99.63,30.78,-99.63,0,0
2019,03,812113,Hail,,0.0,OLIVE BRANCH,34.97,-89.82,34.97,-89.82,0,0
2019,03,808505,Hail,0.0,0.0,KELLER ALTA VISTA AR,32.9148,-97.2898,32.9148,-97.2898,0,0
2019,03,808506,Hail,0.0,0.0,GRAPEVINE,32.93,-97.08,32.93,-97.08,0,0
2019,03,808507,Hail,0.0,0.0,PROSPER,33.23,-96.82,33.23,-96.82,0,0
2019,03,808508,Hail,0.0,0.0,FT WORTH BLUE MND AR,32.8724,-97.3166,32.8724,-97.3166,0,0
2019,03,808509,Hail,0.0,0.0,GRAPEVINE RES,33.0143,-97.0974,33.0143,-97.0974,0,0
2019,03,813148,Hail,100.0,0.0,ALLEN,33.152,-96.7157,33.152,-96.7157,0,0
2019,03,813149,Hail,500.0,0.0,ALLEN,33.1444,-96.7091,33.1444,-96.7091,0,0
2019,03,813150,Hail,10.0,0.0,MCKINNEY,33.2,-96.62,33.2,-96.62,0,0
2019,03,813151,Hail,10.0,0.0,ALLEN,33.1,-96.68,33.1,-96.68,0,0
2019,03,813152,Hail,10.0,0.0,FRISCO,33.1523,-96.759,33.1523,-96.759,0,0
2019,03,802709,Hail,,0.0,CENTERFIELD,38.36,-85.42,38.36,-85.42,0,0
2019,03,802711,Hail,,0.0,LA GRANGE,38.41,-85.38,38.41,-85.38,0,0
2019,03,806523,Hail,100.0,0.0,STAMFORD,40.13,-99.5611,40.1,-99.2768,0,0
2019,03,814666,Hail,0.0,0.0,PORTLAND,36.58,-86.52,36.58,-86.52,0,0
2019,03,808510,Hail,0.0,0.0,HEBRON,33.03,-96.88,33.03,-96.88,0,0
2019,03,808511,Hail,0.0,0.0,ALLEN,33.1401,-96.6998,33.1401,-96.6998,0,0
2019,03,808512,Hail,0.0,0.0,GLEN ROSE,32.23,-97.75,32.23,-97.75,0,0
2019,03,808513,Hail,0.0,0.0,GLEN ROSE,32.2411,-97.7184,32.2411,-97.7184,0,0
2019,03,808643,Hail,0.0,0.0,DALLAS,32.77,-96.78,32.77,-96.78,0,0
2019,03,813153,Hail,100.0,0.0,ALLEN,33.1593,-96.7158,33.1593,-96.7158,0,0
2019,03,813154,Hail,10.0,0.0,ALLEN,33.13,-96.67,33.13,-96.67,0,0
2019,03,813155,Hail,50.0,0.0,ALLEN,33.14,-96.7,33.14,-96.7,0,0
2019,03,813156,Hail,50.0,0.0,MCKINNEY,33.2,-96.62,33.2,-96.62,0,0
2019,03,813181,Hail,0.0,0.0,LEWISVILLE,33.07,-97.0,33.07,-97.0,0,0
2019,03,813182,Hail,0.0,0.0,KELLER,32.93,-97.25,32.93,-97.25,0,0
2019,03,816048,Hail,0.0,0.0,CLARK,40.4587,-81.9008,40.4587,-81.9008,0,0
2019,03,806531,Hail,15.0,0.0,OAK,40.23,-97.85,40.23,-97.85,0,0
2019,03,813183,Hail,0.0,0.0,LEWISVILLE,33.07,-97.0,33.07,-97.0,0,0
2019,03,813184,Hail,0.0,0.0,(GVT)MAJORS ARPT GRE,33.06,-96.08,33.06,-96.08,0,0
2019,03,813187,Hail,0.0,0.0,COLLEYVILLE,32.88,-97.15,32.88,-97.15,0,0
2019,03,813188,Hail,0.0,0.0,POINT,32.9059,-95.8321,32.9059,-95.8321,0,0
2019,03,813189,Hail,0.0,0.0,BEDFORD,32.85,-97.1,32.85,-97.1,0,0
2019,03,813190,Hail,0.0,0.0,GRIBBLE,32.9,-96.92,32.9,-96.92,0,0
2019,03,806533,Hail,5.0,0.0,ANGUS,40.31,-97.89,40.31,-97.89,0,0
2019,03,813896,Hail,,,AIR LINE,34.36,-83.03,34.36,-83.03,0,0
2019,03,813886,Hail,0.0,0.0,EXCEL,31.459,-87.35,31.459,-87.35,0,0
2019,03,813887,Hail,0.0,0.0,ROBERTS,31.08,-86.9,31.08,-86.9,0,0
2019,03,808651,Hail,0.0,0.0,EMORY,32.87,-95.75,32.87,-95.75,0,0
2019,03,808653,Hail,0.0,0.0,TOOL,32.27,-96.17,32.27,-96.17,0,0
2019,03,813191,Hail,0.0,0.0,RENNER,33.0134,-96.7562,33.0134,-96.7562,0,0
2019,03,813192,Hail,10.0,0.0,PLANO,33.0195,-96.7436,33.0195,-96.7436,0,0
2019,03,813193,Hail,0.0,0.0,MURPHY,33.02,-96.62,33.02,-96.62,0,0
2019,03,813194,Hail,0.0,0.0,WYLIE,33.02,-96.55,33.02,-96.55,0,0
2019,03,813195,Hail,0.0,0.0,CELESTE,33.28,-96.2,33.28,-96.2,0,0
2019,03,802625,Hail,,0.0,IRELAND,38.41,-87.0,38.41,-87.0,0,0
2019,03,802627,Hail,,0.0,NEW SALISBURY,38.32,-86.1,38.32,-86.1,0,0
2019,03,806528,Hail,5.0,0.0,RED CLOUD,40.0331,-98.5662,40.0132,-98.53,0,0
2019,03,808598,Hail,0.0,0.0,STEELVILLE,38.0279,-91.35,38.0392,-91.1795,0,0
2019,03,816336,Hail,0.0,0.0,BLOOMSDALE,38.0097,-90.2177,38.0097,-90.2177,0,0
2019,03,808668,Hail,0.0,0.0,BROWNSBORO,32.3145,-95.62,32.3145,-95.62,0,0
2019,03,815418,Hail,0.0,0.0,WESTLAND,32.7397,-97.5668,32.7397,-97.5668,0,0
2019,03,815420,Hail,0.0,0.0,BURLESON,32.53,-97.32,32.53,-97.32,0,0
2019,03,815423,Hail,0.0,0.0,CEDAR HILL,32.58,-96.95,32.58,-96.95,0,0
2019,03,815426,Hail,0.0,0.0,COPPELL,32.9656,-96.9746,32.9656,-96.9746,0,0
2019,03,813331,Hail,0.0,0.0,KELLER GOODE ARPT,32.9377,-97.1855,32.9377,-97.1855,0,0
2019,03,813332,Hail,0.0,0.0,BENBROOK,32.68,-97.45,32.68,-97.45,0,0
2019,03,802626,Hail,,0.0,RAMSEY,38.32,-86.16,38.32,-86.16,0,0
2019,03,802629,Hail,,0.0,OTISCO,38.54,-85.67,38.54,-85.67,0,0
2019,03,813434,Hail,0.0,0.0,BRASHEAR,33.12,-95.75,33.12,-95.75,0,0
2019,03,813435,Hail,10.0,0.0,SULPHUR SPGS,33.13,-95.6,33.13,-95.6,0,0
2019,03,813436,Hail,10.0,0.0,REILLY SPGS,33.03,-95.6,33.03,-95.6,0,0
2019,03,813437,Hail,10.0,0.0,COMO,33.07,-95.47,33.07,-95.47,0,0
2019,03,813438,Hail,0.0,0.0,COMO,33.07,-95.47,33.07,-95.47,0,0
2019,03,813439,Hail,0.0,0.0,MESQUITE,32.77,-96.6,32.77,-96.6,0,0
2019,03,806532,Hail,0.0,0.0,FRANKLIN,40.1,-98.95,40.1,-98.95,0,0
2019,03,815410,Hail,0.0,0.0,GRAPEVINE RES,33.0167,-97.0872,33.0167,-97.0872,0,0
2019,03,815568,Hail,0.0,0.0,LUELLA,33.57,-96.55,33.57,-96.55,0,0
2019,03,815569,Hail,10.0,0.0,LUCAS,33.08,-96.58,33.08,-96.58,0,0
2019,03,815570,Hail,15.0,0.0,LEWISVILLE,33.0639,-97.0048,33.0639,-97.0048,0,0
2019,03,815571,Hail,50.0,0.0,ALLEN,33.1,-96.68,33.1,-96.68,0,0
2019,03,815572,Hail,0.0,0.0,WATAUGA,32.8529,-97.2955,32.8529,-97.2955,0,0
2019,02,800643,Hail,,,ARDMORE,34.99,-86.85,34.99,-86.85,0,0
2019,02,807968,Hail,0.0,0.0,WINDSOR,38.53,-93.52,38.53,-93.52,0,0
2019,02,807969,Hail,0.0,0.0,CHILHOWEE,38.59,-93.86,38.59,-93.86,0,0
2019,02,808428,Hail,0.0,0.0,COLUSA,39.24,-121.99,39.24,-121.99,0,0
2019,02,800703,Hail,0.0,0.0,PEBBLE BEACH,36.57,-121.95,36.57,-121.95,0,0
2019,02,806461,Hail,1.5,0.0,ORICK,41.42,-124.0,41.42,-124.0,0,0
2019,02,806475,Hail,,0.0,NORTH SAMOA,40.87,-124.12,40.87,-124.12,0,1
2019,02,809593,Hail,0.0,0.0,KELLERMAN,33.5067,-87.3235,33.5067,-87.3235,0,0
2019,02,809594,Hail,0.0,0.0,SHORT CREEK,33.5607,-87.1072,33.5607,-87.1072,0,0
2019,02,809597,Hail,0.0,0.0,KIMBERLY,33.78,-86.82,33.78,-86.82,0,0
2019,02,809598,Hail,0.0,0.0,CLEVELAND,33.99,-86.58,33.99,-86.58,0,0
2019,02,809599,Hail,0.0,0.0,SARDIS CITY,34.17,-86.12,34.17,-86.12,0,0
2019,02,798740,Hail,0.0,0.0,NEW TAITON,29.31,-96.34,29.31,-96.34,0,0
2019,02,798741,Hail,0.0,0.0,DICKINSON,29.45,-95.07,29.45,-95.07,0,0
2019,02,798742,Hail,0.0,0.0,IOWA COLONY,29.44,-95.43,29.44,-95.43,0,0
2019,02,798743,Hail,0.0,0.0,ALVIN,29.43,-95.25,29.43,-95.25,0,0
2019,02,796950,Hail,0.0,0.0,CHALK LEVEL,38.14,-93.81,38.14,-93.81,0,0
2019,02,796951,Hail,0.0,0.0,SCHELL CITY,38.02,-94.11,38.02,-94.11,0,0
2019,02,796952,Hail,0.0,0.0,REPUBLIC WESTPORT AR,37.12,-93.44,37.12,-93.44,0,0
2019,02,796953,Hail,0.0,0.0,REPUBLIC,37.11,-93.47,37.11,-93.47,0,0
2019,02,796954,Hail,0.0,0.0,REPUBLIC WESTPORT AR,37.13,-93.42,37.13,-93.42,0,0
2019,02,799108,Hail,0.0,0.0,COLLINS JAYCEE ARPT,31.64,-89.56,31.64,-89.56,0,0
2019,02,796955,Hail,0.0,0.0,PLEASANT VLY,37.33,-93.28,37.33,-93.28,0,0
2019,02,796956,Hail,0.0,0.0,BENNETT SPGS,37.68,-92.81,37.68,-92.81,0,0
2019,02,796957,Hail,0.0,0.0,ROCKY COMFORT,36.75,-94.09,36.75,-94.09,0,0
2019,02,800344,Hail,0.0,0.0,UNIONTOWN,37.62,-89.72,37.62,-89.72,0,0
2019,02,807107,Hail,0.0,0.0,WILLARD,37.3,-93.43,37.3,-93.43,0,0
2019,02,807108,Hail,0.0,0.0,SACVILLE,37.37,-93.37,37.37,-93.37,0,0
2019,02,797045,Hail,0.0,0.0,SHERWIN,37.22,-94.96,37.22,-94.96,0,0
2019,02,798026,Hail,0.0,0.0,BUTTONWILLOW,35.4,-119.47,35.4,-119.47,0,0
2019,02,796958,Hail,0.0,0.0,CENTER PT,36.92,-94.08,36.92,-94.08,0,0
2019,02,796959,Hail,0.0,0.0,PONCE DE LEON,36.88,-93.34,36.88,-93.34,0,0
2019,02,796960,Hail,0.0,0.0,HIGHLANDVILLE,36.92,-93.28,36.92,-93.28,0,0
2019,02,796961,Hail,0.0,0.0,BASSVILLE,37.39,-93.08,37.39,-93.08,0,0
2019,02,806815,Hail,1.5,0.0,MANILA,40.84,-124.17,40.84,-124.17,0,0
2019,02,806816,Hail,1.5,0.0,MC KINLEYVILLE,40.93,-124.12,40.93,-124.12,0,0
2019,02,807966,Hail,0.0,0.0,CLINTON,38.38,-93.77,38.38,-93.77,0,0
2019,02,807967,Hail,0.0,0.0,CALHOUN,38.46,-93.62,38.46,-93.62,0,0
2019,02,800641,Hail,,,ATHENS,34.8,-86.97,34.8,-86.97,0,0
2019,02,800642,Hail,,,ATHENS,34.8,-86.99,34.8,-86.99,0,0
